{"accuracy": 0.9575484113555179, "precision": 0.9490643339608017, "recall": 0.9275974025974026, "f1_score": 0.9382080893218762, "roc_auc": 0.950546036360643}