{"accuracy": 0.9543147208121827, "precision": 0.9383327827331792, "recall": 0.9286181342632955, "f1_score": 0.9334501834912636, "roc_auc": 0.9482346656160613}